venue,paper_openreview_id,revision_openreview_id,title,time
ICLR.cc/2025/Conference,PwxYoMvmvy,oVG40icCJj,Camera_Ready_Revision,2025-03-30 14:03:15
ICLR.cc/2025/Conference,PwxYoMvmvy,2iIUWdNUNh,Camera_Ready_Revision,2025-03-14 04:30:46
ICLR.cc/2025/Conference,PwxYoMvmvy,gXXJcVisjV,Camera_Ready_Revision,2025-03-02 07:51:13
ICLR.cc/2025/Conference,PwxYoMvmvy,9hv4yMVvK1,Camera_Ready_Revision,2025-03-01 14:36:20
ICLR.cc/2025/Conference,PwxYoMvmvy,hkDXGVP2rZ,Camera_Ready_Revision,2025-03-01 07:02:13
ICLR.cc/2025/Conference,PwxYoMvmvy,P6MvxEzOug,Camera_Ready_Revision,2025-02-13 10:56:30
ICLR.cc/2025/Conference,PwxYoMvmvy,U6AVndkUMf,Rebuttal_Revision,2024-11-27 13:01:39
ICLR.cc/2025/Conference,PwxYoMvmvy,UMYtslJUhV,Rebuttal_Revision,2024-11-26 14:53:38
ICLR.cc/2025/Conference,PwxYoMvmvy,cX02yuzwWI,Rebuttal_Revision,2024-11-26 14:31:47
ICLR.cc/2025/Conference,ONfWFluZBI,oNDHJ0FAs1,Camera_Ready_Revision,2025-05-16 21:22:23
